idtf,geo_point_2d,titre,thematiques,periode,types,adresse,texte
14,"45.1948157291694,5.7307737405838","Échauguette de l'ancienne citadelle","Histoire & Evolution de la ville, Ville fortifiée/de garnison/militaire","3ème période : 1590 / 1830","Patrimoine Monumental (Militaire), Patrimoine Urbain (Enceinte / Rempart)",Array,Array
20,"45.1891113057274,5.72450275344238","Place Victor-Hugo, cœur du nouveau centre-ville","Histoire & Evolution de la ville","5ème période : 1880 / 1925","Patrimoine Urbain (Place)",Array,Array
21,"45.1925288553489,5.73115442068479","Enceinte romaine du 3e siècle","Histoire & Evolution de la ville, Ville fortifiée/de garnison/militaire","1ére période : -43 / fin VIIe début VIIIe","Patrimoine Urbain (Enceinte / Rempart)",Array,Array
22,"45.1910519778145,5.72774977116387","Bourg de Cularo","Histoire & Evolution de la ville, Ville fortifiée/de garnison/militaire","1ére période : -43 / fin VIIe début VIIIe","Patrimoine Urbain (Rue)",Array,Array
23,"45.1930589763379,5.7321420650818",Baptistère,"Histoire & Evolution de la ville","1ére période : -43 / fin VIIe début VIIIe","Patrimoine Monumental (Religieux)",Array,Array
24,"45.1938704,5.7200722","Jardin des Dauphins","Histoire & Evolution de la ville, Patrimoine naturel et paysager, Ville fortifiée/de garnison/militaire","Hors période","Patrimoine Paysager,  (Jardin)",Array,Array
25,"45.1977094,5.73177510000005","Nécropole Saint-Laurent","Histoire & Evolution de la ville","1ére période : -43 / fin VIIe début VIIIe","Patrimoine Monumental (Funéraire, Religieux)",Array,Array
26,"45.1901685879392,5.72574535092622","Immeuble des éléphants","Histoire & Evolution de la ville, Sciences/techniques/innovation","5ème période : 1880 / 1925","Patrimoine Monumental (Civil)",Array,Array
27,"45.1896591783473,5.71943981284483",Vespasiennes,"Histoire & Evolution de la ville, Sciences/techniques/innovation","5ème période : 1880 / 1925","Patrimoine Urbain (Mobilier Urbain)",Array,Array
28,"45.1875797,5.73562500000003","Sculpture Le Torrent (1878)","Art et culture, Histoire & Evolution de la ville","5ème période : 1880 / 1925","Patrimoine Monumental (Artistique, culturel et scientifique), Patrimoine Urbain (Mobilier Urbain)",Array,Array
30,"45.1898693012003,5.71787623551256","Coupole Dauphinoise","Histoire & Evolution de la ville, Sciences/techniques/innovation","5ème période : 1880 / 1925","Patrimoine Monumental (Industriel), Patrimoine Urbain",Array,Array
31,"45.1904919042699,5.72880840555729","Immeuble Art nouveau avec commerce, actuel Monoprix, 1913","Histoire & Evolution de la ville","5ème période : 1880 / 1925","Patrimoine Monumental (Civil)",Array,Array
32,"45.1856946,5.71254329999999","Immeuble en ciment","Histoire & Evolution de la ville, Sciences/techniques/innovation","5ème période : 1880 / 1925","Patrimoine Monumental (Civil)",Array,Array
33,"45.1875380722016,5.72535489444272","Lycée Champollion","Histoire & Evolution de la ville, Sciences/techniques/innovation","5ème période : 1880 / 1925","Patrimoine Monumental (Civil)",Array,Array
34,"45.1866549380063,5.72657764722135","École des arts industriels","Histoire & Evolution de la ville, Sciences/techniques/innovation","5ème période : 1880 / 1925","Patrimoine Monumental (Artistique, culturel et scientifique)",Array,Array
35,"45.1904201,5.73502480000002","École de pisciculture","Histoire & Evolution de la ville, Sciences/techniques/innovation","5ème période : 1880 / 1925","Patrimoine Monumental (Artistique, culturel et scientifique)",Array,Array
36,"45.1837802245641,5.72527501852414","Caserne de Bonne","Histoire & Evolution de la ville, Ville fortifiée/de garnison/militaire","5ème période : 1880 / 1925","Patrimoine Monumental (Militaire)",Array,Array
37,"45.187828469506,5.70470420859829","Halle Bouchayer-Viallet (Actuel Magasin des Horizons Centre national d'arts et de cultures )","Art et culture, Histoire & Evolution de la ville, Sciences/techniques/innovation","5ème période : 1880 / 1925","Patrimoine Matériel / Collections Muséales, Patrimoine Monumental (Artistique, culturel et scientifique, Industriel)",Array,Array
38,"45.1897420352856,5.73657320740972","Chapelle Notre-Dame Réconciliatrice","Histoire & Evolution de la ville, Sciences/techniques/innovation","5ème période : 1880 / 1925","Patrimoine Monumental (Religieux)",Array,Array
39,"45.1870304656462,5.71403237493814","Église Saint-Bruno","Histoire & Evolution de la ville","5ème période : 1880 / 1925","Patrimoine Monumental (Religieux)",Array,Array
40,"45.1924847923701,5.73120738095099","Fontaine des Trois Ordres, 1897 d'Henri DING (1844-1898)","Art et culture, Histoire & Evolution de la ville","5ème période : 1880 / 1925","Patrimoine Monumental (Artistique, culturel et scientifique), Patrimoine Urbain (Mobilier Urbain)",Array,Array
48,"45.1987734555352,5.72513569891964",Bastille,"Histoire & Evolution de la ville, Patrimoine naturel et paysager, Ville fortifiée/de garnison/militaire","3ème période : 1590 / 1830","Patrimoine Monumental (Militaire), Patrimoine Urbain (Enceinte / Rempart)",Array,Array
50,"45.1979459,5.7317673","Porte Saint-Laurent","Histoire & Evolution de la ville, Ville fortifiée/de garnison/militaire","3ème période : 1590 / 1830","Patrimoine Monumental (Militaire), Patrimoine Urbain (Enceinte / Rempart)",Array,Array
51,"45.193619219303,5.71942691031188","Porte de France","Histoire & Evolution de la ville, Ville fortifiée/de garnison/militaire","3ème période : 1590 / 1830","Patrimoine Monumental (Militaire), Patrimoine Urbain (Enceinte / Rempart)",Array,Array
52,"45.1927060608921,5.73548396745912","Poudrière Vauban","Histoire & Evolution de la ville, Ville fortifiée/de garnison/militaire","3ème période : 1590 / 1830","Patrimoine Monumental (Militaire), Patrimoine Urbain",Array,Array
53,"45.1895345483816,5.72662227116393","Quartier autour de l'actuelle rue de Bonne","Histoire & Evolution de la ville","3ème période : 1590 / 1830","Patrimoine Urbain (Rue)",Array,Array
54,"45.1900737836756,5.73116149999998","Création de la rue Neuve (Actuelle rue Voltaire)","Histoire & Evolution de la ville","3ème période : 1590 / 1830","Patrimoine Urbain (Rue)",Array,Array
55,"45.1910521,5.73064199999999","Couvent Sainte-Claire (Actuelle Place Sainte-Claire)","Histoire & Evolution de la ville","3ème période : 1590 / 1830","Patrimoine Immatériel, Patrimoine Monumental (Religieux)",Array,Array
56,"45.1585905,5.7090637","Cours Saint-André (actuels cours Jean-Jaurès et de la Libération)","Histoire & Evolution de la ville","3ème période : 1590 / 1830","Patrimoine Urbain (Rue)",Array,Array
58,"45.1950009366034,5.72641965648347","Couvent Sainte-Marie-d’en-Haut (Actuel Musée Dauphinois)","Art et culture, Histoire & Evolution de la ville","3ème période : 1590 / 1830","Patrimoine Matériel / Collections Muséales, Patrimoine Monumental (Religieux)",Array,Array
59,"45.1909163604318,5.73310625889553","Couvent des bernardines – Couvent Sainte-Cécile (Actuel siège des Editions Glénat)","Histoire & Evolution de la ville","3ème période : 1590 / 1830","Patrimoine Monumental (Religieux)",Array,Array
60,"45.1921816653599,5.73383045277865","Couvent Sainte-Marie-d’en-Bas (Actuel théâtre Sainte-Marie-d'en-bas)","Art et culture, Histoire & Evolution de la ville","3ème période : 1590 / 1830","Patrimoine Monumental (Religieux)",Array,Array
61,"45.193364431806,5.73304916085203","Couvent des Minimes","Histoire & Evolution de la ville","3ème période : 1590 / 1830","Patrimoine Monumental (Religieux)",Array,Array
62,"45.1902934659142,5.73166358095091","Ancienne chapelle des Pénitents","Histoire & Evolution de la ville","3ème période : 1590 / 1830","Patrimoine Monumental (Religieux)",Array,Array
63,"45.1898465637391,5.72598848612211","Église Saint-Louis","Histoire & Evolution de la ville","3ème période : 1590 / 1830","Patrimoine Monumental (Religieux)",Array,Array
64,"45.1900074769587,5.73025458605275","Ancien collège des jésuites (Actuel Lycée Stendhal)","Histoire & Evolution de la ville","3ème période : 1590 / 1830","Patrimoine Monumental (Religieux)",Array,Array
65,"45.189993,5.73019369999997","Horloge solaire","Art et culture","3ème période : 1590 / 1830","Patrimoine Monumental (Artistique, culturel et scientifique)",Array,Array
66,"45.1928952871591,5.72751677434394","Hôtel de Lesdiguières","Histoire & Evolution de la ville","3ème période : 1590 / 1830","Patrimoine Monumental (Civil)",Array,Array
67,"45.1905941456774,5.73196748528483","Hôtel de la Première Présidence","Histoire & Evolution de la ville","3ème période : 1590 / 1830","Patrimoine Monumental (Civil)",Array,Array
68,"45.1924101952588,5.72468334739983","Hôtel de Franquières — Hôtel de Marie Vignon","Histoire & Evolution de la ville","3ème période : 1590 / 1830","Patrimoine Monumental (Civil), Patrimoine Urbain (Cour)",Array,Array
69,"45.1929710258962,5.73094417116397","Hôtel de Croÿ-Chanel (et Pierre Bucher)","Histoire & Evolution de la ville","3ème période : 1590 / 1830","Patrimoine Monumental (Civil)",Array,Array
70,"45.1935223,5.73137910000003","Hôtel d’Ornacieux (maison Vaucanson)","Histoire & Evolution de la ville","3ème période : 1590 / 1830","Patrimoine Monumental (Civil), Patrimoine Urbain (Cour, Passage)",Array,Array
71,"45.1935655,5.73103379999998",Demeure,"Histoire & Evolution de la ville","3ème période : 1590 / 1830","Patrimoine Monumental (Civil), Patrimoine Urbain (Cour)",Array,Array
72,"45.1930878077398,5.73150683928679","Maison aux colonnes","Histoire & Evolution de la ville","3ème période : 1590 / 1830","Patrimoine Monumental (Civil)",Array,Array
73,"45.1950012151418,5.74048850805661","Cimetière Saint-Roch","Histoire & Evolution de la ville","3ème période : 1590 / 1830","Patrimoine Monumental (Funéraire), Patrimoine Urbain (Mobilier Urbain)",Array,Array
76,"45.186572,5.736154","Inondations de 1651 et 1733","Patrimoine naturel et paysager","3ème période : 1590 / 1830","Patrimoine Immatériel",Array,Array
78,"45.1925405540054,5.73121006316001","Place Notre-Dame","Histoire & Evolution de la ville","2ème période : VIIIe début IXe / 1590","Patrimoine Urbain (Place)",Array,Array
79,"45.1930648831393,5.72839658836062","Place Saint-André","Histoire & Evolution de la ville","2ème période : VIIIe début IXe / 1590","Patrimoine Urbain (Place)",Array,Array
80,"45.1929628876438,5.72962549874194","Place aux Herbes","Histoire & Evolution de la ville","2ème période : VIIIe début IXe / 1590","Patrimoine Urbain (Place)",Array,Array
81,"45.1910141723332,5.72747082142632","Place Grenette","Histoire & Evolution de la ville","2ème période : VIIIe début IXe / 1590","Patrimoine Urbain (Place)",Array,Array
82,"45.1934876569274,5.73093345952452","Rue Chenoise","Histoire & Evolution de la ville","2ème période : VIIIe début IXe / 1590","Patrimoine Urbain (Rue)",Array,Array
83,"45.1928392086134,5.73196912831122","Cathédrale Notre-Dame et église Saint-Hugues","Histoire & Evolution de la ville","2ème période : VIIIe début IXe / 1590","Patrimoine Monumental (Religieux)",Array,Array
85,"45.1976019914716,5.73159430296323","Église Saint-Laurent (Actuel Musée archéologique Grenoble-Saint-Laurent)","Art et culture, Histoire & Evolution de la ville","2ème période : VIIIe début IXe / 1590","Patrimoine Matériel / Collections Muséales, Patrimoine Monumental (Funéraire, Religieux)",Array,Array
86,"45.1927870220933,5.7280854521149","Eglise collégiale Saint-André","Histoire & Evolution de la ville","2ème période : VIIIe début IXe / 1590","Patrimoine Monumental (Religieux)",Array,Array
87,"45.1949534,5.73246659999995","Couvent des cordeliers","Histoire & Evolution de la ville","2ème période : VIIIe début IXe / 1590","Patrimoine Monumental (Religieux)",Array,Array
88,"45.1951424140719,5.73138298755794","Tour de l’Île","Art et culture, Histoire & Evolution de la ville, Ville fortifiée/de garnison/militaire","2ème période : VIIIe début IXe / 1590","Patrimoine Monumental (Militaire), Patrimoine Urbain (Enceinte / Rempart)",Array,Array
89,"45.1954094844075,5.7237729814758","Fort Rabot","Histoire & Evolution de la ville, Ville fortifiée/de garnison/militaire","2ème période : VIIIe début IXe / 1590","Patrimoine Monumental (Militaire)",Array,Array
90,"45.1933783431468,5.72857711408619","Ancien Palais du Parlement de Dauphiné","Histoire & Evolution de la ville","2ème période : VIIIe début IXe / 1590","Patrimoine Monumental (Artistique, culturel et scientifique, Civil)",Array,Array
92,"45.194000721406,5.73120716441804","Tour de Sassenage","Histoire & Evolution de la ville","2ème période : VIIIe début IXe / 1590","Patrimoine Monumental (Civil)",Array,Array
93,"45.1927236,5.73012970000002","Hôtel de François Marc","Histoire & Evolution de la ville","2ème période : VIIIe début IXe / 1590","Patrimoine Monumental (Civil)",Array,Array
94,"45.1929370021115,5.73092003128284","Hôtel de Pierre Bucher","Histoire & Evolution de la ville","2ème période : VIIIe début IXe / 1590","Patrimoine Monumental (Civil), Patrimoine Urbain (Cour)",Array,Array
95,"45.1914366,5.72840359999998","Hôtel à Oriel – maison Rabot","Histoire & Evolution de la ville","2ème période : VIIIe début IXe / 1590","Patrimoine Monumental (Civil)",Array,Array
100,"45.186572,5.736154","Chartes de franchises grenobloises","Histoire & Evolution de la ville","2ème période : VIIIe début IXe / 1590","Patrimoine Immatériel, Patrimoine Matériel / Collections Muséales",Array,Array
101,"45.1928993381227,5.72725448877713","Accords passés entre le roi de France et le Dauphin de Viennois en prévision du rattachement du Dauphiné à la France (1343)","Histoire & Evolution de la ville","2ème période : VIIIe début IXe / 1590","Patrimoine Immatériel, Patrimoine Matériel / Collections Muséales",Array,Array
104,"45.186572,5.736154","Envoi à la refonte des sculptures de bronze","Art et culture, Histoire & Evolution de la ville","6ème période : 1925 / 1968","Patrimoine Monumental (Artistique, culturel et scientifique), Patrimoine Urbain (Mobilier Urbain)",Array,Array
105,"45.192970798526,5.72606641698837",Téléphérique,"Histoire & Evolution de la ville, Sciences/techniques/innovation","6ème période : 1925 / 1968","Patrimoine Monumental (Industriel), Patrimoine Urbain",Array,Array
114,"45.1889004,5.73325569999997","École d’artillerie","Histoire & Evolution de la ville, Ville fortifiée/de garnison/militaire","4ème période : 1830 / 1880","Patrimoine Monumental (Militaire)",Array,Array
115,"45.1882195,5.73258750000002",Préfecture,"Histoire & Evolution de la ville","4ème période : 1830 / 1880","Patrimoine Monumental (Civil)",Array,Array
116,"45.1894054287896,5.73283308399198","Musée Bibliothèque","Art et culture, Histoire & Evolution de la ville, Sciences/techniques/innovation","4ème période : 1830 / 1880","Patrimoine Monumental (Artistique, culturel et scientifique)",Array,Array
117,"45.1895657356487,5.73208908161473","Hôtel de la Division","Histoire & Evolution de la ville, Ville fortifiée/de garnison/militaire","4ème période : 1830 / 1880","Patrimoine Monumental (Militaire)",Array,Array
118,"45.1892330187623,5.73126391719666","Hôtel des Facultés","Art et culture, Histoire & Evolution de la ville","4ème période : 1830 / 1880","Patrimoine Monumental (Civil)",Array,Array
119,"45.1913814116323,5.73160276931151","Rue Auguste-Gâché","Art et culture, Histoire & Evolution de la ville","4ème période : 1830 / 1880","Patrimoine Monumental (Civil, Artistique, culturel et scientifique), Patrimoine Urbain (Rue)",Array,Array
120,"45.1883338307587,5.72825857420503","Place Vaucanson","Histoire & Evolution de la ville","4ème période : 1830 / 1880","Patrimoine Urbain (Place)",Array,Array
121,"45.1880594,5.73516289999998","Muséum de Grenoble","Histoire & Evolution de la ville, Sciences/techniques/innovation","4ème période : 1830 / 1880","Patrimoine Matériel / Collections Muséales, Patrimoine Monumental (Artistique, culturel et scientifique)",Array,Array
122,"45.190777,5.73083120000001","Halle Sainte-Claire","Histoire & Evolution de la ville","4ème période : 1830 / 1880","Patrimoine Monumental (Civil)",Array,Array
123,"45.1900243428747,5.73585295952455",Temple,"Histoire & Evolution de la ville","4ème période : 1830 / 1880","Patrimoine Monumental (Religieux)",Array,Array
124,"45.1914439,5.73537439999996","Cité administrative, ancienne caserne Dode","Histoire & Evolution de la ville, Ville fortifiée/de garnison/militaire","4ème période : 1830 / 1880","Patrimoine Monumental (Militaire)",Array,Array
125,"45.1890240039317,5.73540282698366","Immeuble Bois-Roland / Lycée Pierre Termier (ancienne ganterie Perrin)","Histoire & Evolution de la ville, Sciences/techniques/innovation","4ème période : 1830 / 1880","Patrimoine Monumental (Industriel)",Array,Array
126,"45.1906939085881,5.72125917976223","Ancienne ganterie Reynier","Histoire & Evolution de la ville, Sciences/techniques/innovation","4ème période : 1830 / 1880","Patrimoine Monumental (Industriel)",Array,Array
127,"45.1840773,5.71610839999994","Ancienne ganterie Vallier","Histoire & Evolution de la ville, Sciences/techniques/innovation","4ème période : 1830 / 1880","Patrimoine Monumental (Industriel)",Array,Array
128,"45.1881898340481,5.70962520066382","A Raymond","Histoire & Evolution de la ville, Sciences/techniques/innovation","4ème période : 1830 / 1880","Patrimoine Monumental (Industriel)",Array,Array
129,"45.1855737,5.71114030000001","Maison Joya","Histoire & Evolution de la ville, Sciences/techniques/innovation","4ème période : 1830 / 1880","Patrimoine Monumental (Industriel)",Array,Array
130,"45.1944171581833,5.72911594183347","Passerelle Saint-Laurent","Patrimoine naturel et paysager, Histoire & Evolution de la ville","4ème période : 1830 / 1880","Patrimoine Urbain (Pont / Quai / Rivière)",Array,Array
131,"45.1913922260162,5.72779805092614","Fontaine château d’eau Lavalette","Art et culture, Histoire & Evolution de la ville","4ème période : 1830 / 1880","Patrimoine Monumental (Artistique, culturel et scientifique), Patrimoine Urbain (Mobilier Urbain)",Array,Array
132,"45.1949332177954,5.72858324907384","Fontaine du Lion et du Serpent, 1843 de Victor SAPPEY (1801-1856)","Art et culture, Histoire & Evolution de la ville","4ème période : 1830 / 1880","Patrimoine Monumental (Artistique, culturel et scientifique)",Array,Array
133,"45.1929684953283,5.72857100413008","""""Statue de Pierre Terrail, chevalier Bayard"""", 1822 de Nicolas Bernard RAGGI (1790–1862)","Art et culture, Histoire & Evolution de la ville","4ème période : 1830 / 1880","Patrimoine Monumental (Artistique, culturel et scientifique)",Array,Array
139,"45.1913231964553,5.7264200117088","Auberge des Trois Dauphins (Actuelle Auberge Napoléon)","Histoire & Evolution de la ville","3ème période : 1590 / 1830","Patrimoine Immatériel, Patrimoine Monumental (Civil)",Array,Array
140,"45.186572,5.736154","Herbier de Dominique Villars","Histoire & Evolution de la ville, Sciences/techniques/innovation","3ème période : 1590 / 1830","Patrimoine Matériel / Collections Muséales, Personnages illustres",Array,Array
142,"45.1882925661722,5.70804596745916","Immeuble """"Albert Pierre Raymond""""","Histoire & Evolution de la ville","5ème période : 1880 / 1925","Patrimoine Monumental (Civil)",Array,Array
143,"45.1747629,5.73188149999999","Plan Bernard","Histoire & Evolution de la ville, Ville fortifiée/de garnison/militaire","6ème période : 1925 / 1968","Patrimoine Immatériel, Patrimoine Urbain",Array,Array
144,"45.180366511751,5.71643221867976","Grands boulevards","Histoire & Evolution de la ville, Ville fortifiée/de garnison/militaire","6ème période : 1925 / 1968","Patrimoine Urbain (Rue)",Array,Array
145,"45.1854129579581,5.72069421534434","Quartier Condorcet","Histoire & Evolution de la ville","6ème période : 1925 / 1968","Patrimoine Monumental (Civil), Patrimoine Urbain (Place, Rue)",Array,Array
146,"45.1849181340156,5.72350843128277","Piscine Jean-Bron","Histoire & Evolution de la ville","6ème période : 1925 / 1968","Patrimoine Monumental (Civil)",Array,Array
147,"45.1750748074139,5.7280129722443","Cité de la Capuche","Histoire & Evolution de la ville","6ème période : 1925 / 1968","Patrimoine Monumental (Civil), Patrimoine Urbain",Array,Array
148,"45.1828047105008,5.73271546633146","Habitat HBM Pierre Loti, 1932","Histoire & Evolution de la ville, Sciences/techniques/innovation","6ème période : 1925 / 1968","Patrimoine Monumental (Civil), Patrimoine Urbain",Array,Array
149,"45.1697094215756,5.70347857790989","Cité Paul-Mistral","Histoire & Evolution de la ville","6ème période : 1925 / 1968","Patrimoine Monumental (Civil), Patrimoine Urbain",Array,Array
150,"45.1909585541552,5.72653291104507","Garage hélicoïdal, 1928","Histoire & Evolution de la ville, Sciences/techniques/innovation","6ème période : 1925 / 1968","Patrimoine Monumental (Civil), Patrimoine Urbain (Cour, Passage)",Array,Array
151,"45.1824267624337,5.72788547249149","Immeubles Gambetta-Rivet 1934 et 1937","Histoire & Evolution de la ville","6ème période : 1925 / 1968","Patrimoine Monumental (Civil)",Array,Array
152,"45.1849181904697,5.71959911170882","Immeubles rue Thiers, 1933","Histoire & Evolution de la ville, Sciences/techniques/innovation","6ème période : 1925 / 1968","Patrimoine Monumental (Civil)",Array,Array
153,"45.1901133534374,5.72183794788509","Immeuble Le Gymnase 1947-1954","Histoire & Evolution de la ville, Sciences/techniques/innovation, Ville fortifiée/de garnison/militaire","6ème période : 1925 / 1968","Patrimoine Monumental (Civil)",Array,Array
154,"45.1813908350092,5.71950500304104","Immeuble Le Mercure, 1949","Histoire & Evolution de la ville, Sciences/techniques/innovation","6ème période : 1925 / 1968","Patrimoine Monumental (Industriel)",Array,Array
155,"45.1854223658808,5.73104496812289","Bibliothèque municipale d'étude et du patrimoine, 1955-1959","Art et culture, Histoire & Evolution de la ville, Sciences/techniques/innovation","6ème période : 1925 / 1968","Patrimoine Matériel / Collections Muséales, Patrimoine Monumental (Artistique, culturel et scientifique, Civil)",Array,Array
156,"45.1901713573804,5.72529216819225","Maison des chamois","Art et culture, Histoire & Evolution de la ville","6ème période : 1925 / 1968","Patrimoine Monumental (Civil)",Array,Array
157,"45.1965633829244,5.73614919510646","Écoles Ferdinand-Buisson et Paul-Bert","Histoire & Evolution de la ville, Sciences/techniques/innovation, Ville fortifiée/de garnison/militaire","6ème période : 1925 / 1968","Patrimoine Monumental (Civil)",Array,Array
158,"45.1730935708463,5.71760113439336","Marché d’intérêt national (MIN) ou marché de gros, 1963","Histoire & Evolution de la ville, Sciences/techniques/innovation","6ème période : 1925 / 1968","Patrimoine Monumental (Industriel)",Array,Array
159,"45.1843962659056,5.73366168675534","Monument des Diables bleus","Art et culture, Histoire & Evolution de la ville","6ème période : 1925 / 1968","Patrimoine Immatériel, Patrimoine Monumental (Militaire), Patrimoine Urbain (Mobilier Urbain)",Array,Array
160,"45.1900328612296,5.73527477420498","Musée de la Résistance et de la Déportation de l’Isère","Histoire & Evolution de la ville, Ville fortifiée/de garnison/militaire","6ème période : 1925 / 1968","Patrimoine Immatériel, Patrimoine Matériel / Collections Muséales",Array,Array
161,"45.1900631061381,5.7352425876968","La Résistance à Grenoble : parcours de mémoire à travers six lieux emblématiques","Histoire & Evolution de la ville, Ville fortifiée/de garnison/militaire","6ème période : 1925 / 1968","Patrimoine Immatériel, Patrimoine Matériel / Collections Muséales, Patrimoine Monumental (Civil, Funéraire, Militaire), Patrimoine Urbain",Array,Array
166,"45.1640129116076,5.72850351799923","Village Olympique","Histoire & Evolution de la ville","7ème période : 1968 / aube XXIe","Patrimoine Monumental (Civil), Patrimoine Urbain",Array,Array
167,"45.1710979131511,5.73758065980223","Malherbe et le centre de presse","Histoire & Evolution de la ville","7ème période : 1968 / aube XXIe","Patrimoine Monumental (Civil), Patrimoine Urbain",Array,Array
168,"45.1643725,5.73635620000005","Arlequin (1970-1973), Baladins (1975) et parc Jean Verlhac","Histoire & Evolution de la ville","7ème période : 1968 / aube XXIe","Patrimoine Monumental (Civil), Patrimoine Urbain",Array,Array
169,"45.1898295509154,5.73784921438596","Quartier Mutualité, 1966-1970","Histoire & Evolution de la ville","7ème période : 1968 / aube XXIe","Patrimoine Monumental (Civil), Patrimoine Urbain (Place, Rue)",Array,Array
170,"45.1925721,5.73324560000003","Quartier Très-Cloîtres","Histoire & Evolution de la ville","7ème période : 1968 / aube XXIe","Patrimoine Monumental, Patrimoine Urbain (Place, Rue)",Array,Array
171,"45.1927339361026,5.73722751852415","Trois Tours de l’Ile-Verte, 1965","Histoire & Evolution de la ville","7ème période : 1968 / aube XXIe","Patrimoine Monumental (Civil), Patrimoine Urbain",Array,Array
172,"45.1918121881017,5.77137492275392",Campus,"Histoire & Evolution de la ville, Sciences/techniques/innovation","7ème période : 1968 / aube XXIe","Patrimoine Monumental (Artistique, culturel et scientifique), Patrimoine Urbain",Array,Array
173,"45.1866541103664,5.73630237486873","Hôtel de Ville, 1968","Histoire & Evolution de la ville","7ème période : 1968 / aube XXIe","Patrimoine Monumental (Civil)",Array,Array
174,"45.1722956714602,5.73308189947511","Maison de la Culture MC2, 1968","Art et culture, Histoire & Evolution de la ville","7ème période : 1968 / aube XXIe","Patrimoine Monumental (Artistique, culturel et scientifique)",Array,Array
175,"45.1741490483252,5.73441674907383","Conservatoire de Grenoble - Musique et Danse","Art et culture, Histoire & Evolution de la ville","7ème période : 1968 / aube XXIe","Patrimoine Monumental (Artistique, culturel et scientifique)",Array,Array
176,"45.1857370889253,5.7407594153442","Palais des Sports Pierre Mendès France – Ancien Stade de Glace, 1967-1968","Histoire & Evolution de la ville","7ème période : 1968 / aube XXIe","Patrimoine Monumental (Civil)",Array,Array
177,"45.1548731048154,5.73618440531004","Alpexpo – Palais de la Foire","Histoire & Evolution de la ville, Sciences/techniques/innovation","7ème période : 1968 / aube XXIe","Patrimoine Monumental (Civil)",Array,Array
179,"45.1806899372094,5.71383525145109","Église Saint-Jean, 1965","Histoire & Evolution de la ville","7ème période : 1968 / aube XXIe","Patrimoine Monumental (Religieux)",Array,Array
180,"45.1783595605664,5.74491870185238","Église Saint-Augustin, rebaptisée Saint-Gabriel Archange, 1967","Histoire & Evolution de la ville","7ème période : 1968 / aube XXIe","Patrimoine Monumental (Religieux)",Array,Array
181,"45.1969121537305,5.73703620807339","Église Saint-Luc, 1967","Histoire & Evolution de la ville","7ème période : 1968 / aube XXIe","Patrimoine Monumental (Religieux)",Array,Array
182,"45.1949534,5.73246659999995","Musée de Grenoble","Art et culture, Histoire & Evolution de la ville, Ville fortifiée/de garnison/militaire","7ème période : 1968 / aube XXIe","Patrimoine Matériel / Collections Muséales, Patrimoine Monumental (Artistique, culturel et scientifique)",Array,Array
183,"45.1930495253032,5.73213401845476","Musée de l’Ancien Evêché","Art et culture, Histoire & Evolution de la ville, Ville fortifiée/de garnison/militaire","7ème période : 1968 / aube XXIe","Patrimoine Matériel / Collections Muséales, Patrimoine Monumental (Artistique, culturel et scientifique, Religieux)",Array,Array
184,"45.198505297069,5.70934347672119","CENG au coeur de la presqu'île scientifique","Histoire & Evolution de la ville, Sciences/techniques/innovation, Ville fortifiée/de garnison/militaire","7ème période : 1968 / aube XXIe","Patrimoine Monumental (Artistique, culturel et scientifique, Industriel), Patrimoine Urbain (Pont / Quai / Rivière)",Array,Array
185,"45.19124224697,5.71170437731553","Palais de Justice - Cite Judiciaire","Histoire & Evolution de la ville","7ème période : 1968 / aube XXIe","Patrimoine Monumental (Civil)",Array,Array
186,"45.186572,5.736154","Retour du tramway","Histoire & Evolution de la ville, Sciences/techniques/innovation","7ème période : 1968 / aube XXIe","Patrimoine Urbain (Mobilier Urbain)",Array,Array
187,"45.1915935,5.72807179999995","Ancien Hôtel de Marnais-Gagnon (Actuel Musée Stendhal)","Art et culture, Histoire & Evolution de la ville","2ème période : VIIIe début IXe / 1590","Patrimoine Matériel / Collections Muséales, Patrimoine Monumental (Artistique, culturel et scientifique, Civil)",Array,Array
188,"45.18516,5.73637610000003","1925, Exposition internationale de la Houille blanche et du Tourisme : Parc de l'exposition (Parc Paul Mistral)","Histoire & Evolution de la ville, Sciences/techniques/innovation, Tourisme","5ème période : 1880 / 1925","Patrimoine Monumental (Civil, Industriel), Patrimoine Urbain (Mobilier Urbain)",Array,Array
205,"45.186572,5.736154","François de Bonne, duc de Lesdiguières","Histoire & Evolution de la ville, Ville fortifiée/de garnison/militaire","3ème période : 1590 / 1830","Personnages illustres",Array,Array
206,"45.186572,5.736154","Jacques Vaucanson",Sciences/techniques/innovation,"3ème période : 1590 / 1830","Personnages illustres",Array,Array
207,"45.186572,5.736154","Pierre Choderlos de Laclos","Art et culture, Ville fortifiée/de garnison/militaire","3ème période : 1590 / 1830","Personnages illustres",Array,Array
208,"45.186572,5.736154","Antoine Barnave","Art et culture, Histoire & Evolution de la ville","3ème période : 1590 / 1830","Personnages illustres",Array,Array
209,"45.186572,5.736154","Joseph Fourier","Art et culture, Histoire & Evolution de la ville, Sciences/techniques/innovation","3ème période : 1590 / 1830","Personnages illustres",Array,Array
210,"45.188529,5.72452399999997","Jean-François Champollion et Jacques-Joseph Champollion-Figeac","Art et culture, Sciences/techniques/innovation","4ème période : 1830 / 1880","Personnages illustres",Array,Array
211,"45.186572,5.736154",Stendhal,"Art et culture","3ème période : 1590 / 1830","Personnages illustres",Array,Array
212,"45.186572,5.736154","Louis Vicat",Sciences/techniques/innovation,"4ème période : 1830 / 1880","Personnages illustres",Array,Array
213,"45.186572,5.736154","Ernest Hébert","Art et culture","4ème période : 1830 / 1880","Personnages illustres",Array,Array
214,"45.186572,5.736154","Henri Fantin-Latour","Art et culture","4ème période : 1830 / 1880","Personnages illustres",Array,Array
215,"45.186572,5.736154","Jules Flandrin","Art et culture","5ème période : 1880 / 1925","Personnages illustres",Array,Array
216,"45.186572,5.736154","Paul Mistral","Histoire & Evolution de la ville","5ème période : 1880 / 1925","Personnages illustres",Array,Array
217,"45.186572,5.736154","Paul-Louis Merlin","Histoire & Evolution de la ville, Sciences/techniques/innovation","5ème période : 1880 / 1925","Personnages illustres",Array,Array
218,"45.186572,5.736154","Marie Reynoard","Art et culture","6ème période : 1925 / 1968","Personnages illustres",Array,Array
219,"45.186572,5.736154","Louis Néel","Histoire & Evolution de la ville, Sciences/techniques/innovation","6ème période : 1925 / 1968","Personnages illustres",Array,Array
220,"45.186572,5.736154","Lionel Terray","Art et culture, Patrimoine naturel et paysager","6ème période : 1925 / 1968","Personnages illustres",Array,Array
222,"45.186572,5.736154","Grenoble, aux portes de bientôt trois parcs naturels régionaux","Patrimoine naturel et paysager","Hors période","Patrimoine Paysager",Array,Array
228,"45.1875585704398,5.73514090000003","Jardin des plantes","Histoire & Evolution de la ville, Patrimoine naturel et paysager","Hors période","Patrimoine Paysager, Patrimoine Urbain (Jardin)",Array,Array
229,"45.1853745,5.736627","Parc Paul Mistral","Histoire & Evolution de la ville, Patrimoine naturel et paysager","Hors période","Patrimoine Paysager, Patrimoine Urbain",Array,Array
230,"45.173107,5.74268200000006","Parc Ouagadougou","Histoire & Evolution de la ville, Patrimoine naturel et paysager","Hors période","Patrimoine Paysager, Patrimoine Urbain (Jardin)",Array,Array
232,"45.1943959,5.72913540000002","Premier pont","Histoire & Evolution de la ville, Patrimoine naturel et paysager","1ére période : -43 / fin VIIe début VIIIe","Patrimoine Urbain (Pont / Quai / Rivière)",Array,Array
233,"45.1664304436542,5.73724501551362","Résidences 2000, 1971-1975","Histoire & Evolution de la ville","7ème période : 1968 / aube XXIe","Patrimoine Monumental, Patrimoine Urbain",Array,Array
235,"45.1848203584138,5.73440038780518","1925, Exposition internationale de la Houille blanche et du Tourisme : Aristide Bergès","Histoire & Evolution de la ville, Sciences/techniques/innovation","5ème période : 1880 / 1925","Personnages illustres",Array,Array
236,"45.1850049813217,5.73543196242679","Tour Perret : 1925, l'Exposition internationale de la Houille blanche et du Tourisme","Histoire & Evolution de la ville, Sciences/techniques/innovation, Tourisme","5ème période : 1880 / 1925","Patrimoine Monumental (Civil), Patrimoine Urbain (Mobilier Urbain)",Array,Array
237,"45.1930249526057,5.73213938287279","Ancien Évêché (Actuel Musée de l'Ancien Evêché)","Art et culture, Histoire & Evolution de la ville","2ème période : VIIIe début IXe / 1590","Patrimoine Matériel / Collections Muséales, Patrimoine Monumental (Artistique, culturel et scientifique, Religieux)",Array,Array
239,"45.1920031,5.72681940000007","Jardin de ville","Patrimoine naturel et paysager, Tourisme","Hors période","Patrimoine Paysager",Array,Array
241,"45.1929334,5.73204220000002","Jardin de l’Ancien Evêché","Histoire & Evolution de la ville, Patrimoine naturel et paysager","Hors période","Patrimoine Paysager, Patrimoine Urbain (Jardin)",Array,Array
242,"45.1962007,5.73386379999999","Parc Albert Michallon","Art et culture, Histoire & Evolution de la ville, Patrimoine naturel et paysager","Hors période","Patrimoine Paysager, Patrimoine Urbain",Array,Array
243,"45.1979731337647,5.7242163248535","Site de la Bastille","Histoire & Evolution de la ville, Patrimoine naturel et paysager, Ville fortifiée/de garnison/militaire","Hors période","Patrimoine Paysager",Array,Array
245,"45.1643725,5.73635620000005","Parc Jean Verlhac","Histoire & Evolution de la ville, Patrimoine naturel et paysager","Hors période","Patrimoine Paysager, Patrimoine Urbain",Array,Array
246,"45.1642966,5.70610020000004","Parc des Champs-Elysées, parc Bachelard","Histoire & Evolution de la ville, Patrimoine naturel et paysager","Hors période","Patrimoine Paysager, Patrimoine Urbain",Array,Array
247,"45.1834024,5.72303699999998","Jardin des Vallons, caserne de Bonne","Histoire & Evolution de la ville, Patrimoine naturel et paysager, Ville fortifiée/de garnison/militaire","Hors période","Patrimoine Paysager, Patrimoine Urbain (Jardin)",Array,Array
258,"45.1865883973888,5.74210190583494","""""Résistance"""", 2011 d'Alain KIRILI (1946)","Art et culture, Histoire & Evolution de la ville","8ème période : XXIe","Patrimoine Monumental (Artistique, culturel et scientifique)",Array,Array
260,"45.1926160627134,5.72668790143841","""""Hercule"""", avant 1600, sculpteur anonyme","Art et culture","3ème période : 1590 / 1830","Patrimoine Monumental (Artistique, culturel et scientifique)",Array,Array
261,"45.1856132559252,5.73715456615512","""""Père et fils"""", 1967 de Gregor APOSTU (1934-1986)","Art et culture","7ème période : 1968 / aube XXIe","Patrimoine Monumental (Artistique, culturel et scientifique)",Array,Array
262,"45.1862852756226,5.73589486669914","""""Sans titre"""", 1968 de Charles GIANFERRARI (1921)","Art et culture","7ème période : 1968 / aube XXIe","Patrimoine Monumental (Artistique, culturel et scientifique)",Array,Array
264,"45.1934090981922,5.72765056743782","""""Sans titre"""", 1993  de Françoise BOSSUT (1946)  et Claire ATON NEYRAND (1960)","Art et culture","7ème période : 1968 / aube XXIe","Patrimoine Monumental (Artistique, culturel et scientifique)",Array,Array
265,"45.1837472274904,5.73457972029264","""""Pousse de marbre"""", 1967 de Gigi GUADAGNUCCI (1915-2013)","Art et culture","7ème période : 1968 / aube XXIe","Patrimoine Monumental (Artistique, culturel et scientifique)",Array,Array
266,"45.1855999398742,5.73531999132101","""""Petit plaisir"""", 1967 de Joseph WISS (1922–2005)","Art et culture","7ème période : 1968 / aube XXIe","Patrimoine Monumental (Artistique, culturel et scientifique)",Array,Array
267,"45.1855336789413,5.7387095541137","""""Mutants"""", 1967 de Maxime DESCOMBIN (1909–2003)","Art et culture","7ème période : 1968 / aube XXIe","Patrimoine Monumental (Artistique, culturel et scientifique)",Array,Array
268,"45.1873993843061,5.73590757147966","""""Femme assise"""", 1958 de Simone MAGNAN (1927-1994)","Art et culture","7ème période : 1968 / aube XXIe","Patrimoine Monumental (Artistique, culturel et scientifique)",Array,Array
269,"45.1943940667474,5.73195060552543","""""Monsieur Loyal"""", 1968 d’Alexander CALDER (1898-1976)","Art et culture, Tourisme","7ème période : 1968 / aube XXIe","Patrimoine Monumental (Artistique, culturel et scientifique)",Array,Array
270,"45.1957075991321,5.73377589936474","""""Song of the mountains"""", 1992-1993 d’Anthony CARO (1924–2013)","Art et culture","7ème période : 1968 / aube XXIe","Patrimoine Monumental (Artistique, culturel et scientifique)",Array,Array
271,"45.1957522766035,5.73422592388957","""""Trois lignes indéterminées"""", 1992 de Bernar VENET (1941)","Art et culture","7ème période : 1968 / aube XXIe","Patrimoine Monumental (Artistique, culturel et scientifique)",Array,Array
272,"45.1938704,5.7200722","Statue équestre de Philis de la Charce, 1900 de Daniel CAMPAGNE (1851–1910)","Art et culture","5ème période : 1880 / 1925","Patrimoine Monumental (Artistique, culturel et scientifique)",Array,Array
273,"45.1958591213562,5.73309508857396","""""Zuhaitz"""", 1989 d’Eduardo CHILLIDA (1924-2002)","Art et culture","7ème période : 1968 / aube XXIe","Patrimoine Monumental (Artistique, culturel et scientifique)",Array,Array
274,"45.1959931023767,5.733681890258","""""Couple"""", 1993 d’Eugène DODEIGNE (1923- 2015)","Art et culture","7ème période : 1968 / aube XXIe","Patrimoine Monumental (Artistique, culturel et scientifique)",Array,Array
275,"45.1962788834273,5.73352281482889","""""Conversation"""", 1991 de George RICKEY  (1907-2002)","Art et culture","7ème période : 1968 / aube XXIe","Patrimoine Monumental (Artistique, culturel et scientifique)",Array,Array
276,"45.1944277497809,5.73189813439279","""""Etoile polaire"""", 1972-1973 de Mark di SUVERO (1933)","Art et culture","7ème période : 1968 / aube XXIe","Patrimoine Monumental (Artistique, culturel et scientifique)",Array,Array
277,"45.1956487217099,5.73287737672742","""""Duna"""", 1991  de Marta PAN (1923 – 2008)","Art et culture","7ème période : 1968 / aube XXIe","Patrimoine Monumental (Artistique, culturel et scientifique)",Array,Array
278,"45.1957461776726,5.73277480848036","""""Orphée"""", 1948 d’Ossip ZADKINE  (1890 –1967)","Art et culture","6ème période : 1925 / 1968","Patrimoine Monumental (Artistique, culturel et scientifique)",Array,Array
279,"45.1598311143524,5.724775610692","""""Naissance d'une chose intérieure"""", 1967 d’Ivan AVOSCAN (1928-2012)","Art et culture","7ème période : 1968 / aube XXIe","Patrimoine Monumental (Artistique, culturel et scientifique)",Array,Array
280,"45.1571387494175,5.73302258246332","VIT VITTT, 2004 de Julien BLAINE (1942) et Rudy RICCIOTTI (1952)","Art et culture","8ème période : XXIe","Patrimoine Monumental (Artistique, culturel et scientifique)",Array,Array
281,"45.1722303695393,5.73271576352541","""""Le jardin des dragons et des coquelicots"""", 2004 de Dominique Gonzalez-Foerster (1965)","Art et culture","8ème période : XXIe","Patrimoine Monumental (Artistique, culturel et scientifique)",Array,Array
282,"45.1737912811688,5.73489843322506","""""Rythme héroïque VIII"""", 1967-1968 de Berto LARDERA (1911–1989)","Art et culture","7ème période : 1968 / aube XXIe","Patrimoine Monumental (Artistique, culturel et scientifique)",Array,Array
283,"45.1624875186839,5.72548490308608","""""Microcosme – Macrocosme"""", 1967 de Yasuo MIZUI (1922-2015)","Art et culture","7ème période : 1968 / aube XXIe","Patrimoine Monumental (Artistique, culturel et scientifique)",Array,Array
284,"45.1726001681293,5.7329764236547","""""Sculpture"""", 1968 de Marta PAN (1923–2008)","Art et culture","7ème période : 1968 / aube XXIe","Patrimoine Monumental (Artistique, culturel et scientifique)",Array,Array
285,"45.1629632173938,5.72677834299473","""""Mur–Fontaine"""", 1967 d’Ervin PATKAÏ (1937–1985)","Art et culture","7ème période : 1968 / aube XXIe","Patrimoine Monumental (Artistique, culturel et scientifique), Patrimoine Urbain (Mobilier Urbain)",Array,Array
286,"45.1629149674885,5.73940020133775","""""Les Géants"""",  1978-80 de Klaus SCHULTZE (1927)","Art et culture","7ème période : 1968 / aube XXIe","Patrimoine Monumental (Artistique, culturel et scientifique)",Array,Array
287,"45.1715932,5.7384399","""""Transformation instable IPB"""", 1971 de Francisco SOBRINO (1932-2014)","Art et culture","7ème période : 1968 / aube XXIe","Patrimoine Monumental (Artistique, culturel et scientifique)",Array,Array
288,"45.1601914606833,5.72753988892708","""""Univers de Jeux 1"""", 1967 de Pierre SZEKELY (1923 – 2001)","Art et culture","7ème période : 1968 / aube XXIe","Patrimoine Monumental (Artistique, culturel et scientifique)",Array,Array
289,"45.1933233,5.73105829999997","Cour 7, rue Chenoise","Histoire & Evolution de la ville","2ème période : VIIIe début IXe / 1590","Patrimoine Monumental (Civil), Patrimoine Urbain (Cour)",Array,Array
290,"45.186572,5.736154","Diversité géologique du territoire grenoblois : histoire quaternaire du Grésivaudan (vallée de l’Isère)","Patrimoine naturel et paysager, Tourisme","Hors période","Patrimoine Paysager",Array,Array
291,"45.193484,5.73105250000003","Cour 10-12, rue Chenoise","Histoire & Evolution de la ville","2ème période : VIIIe début IXe / 1590","Patrimoine Monumental (Civil), Patrimoine Urbain (Cour, Passage)",Array,Array
293,"45.1935718,5.73061529999995","Cour 18, rue Chenoise","Histoire & Evolution de la ville","2ème période : VIIIe début IXe / 1590","Patrimoine Urbain (Cour)",Array,Array
294,"45.1927236,5.73012970000002","Passage 22, rue Barnave : hôtel de François Marc","Histoire & Evolution de la ville","2ème période : VIIIe début IXe / 1590","Patrimoine Urbain (Cour, Passage)",Array,Array
295,"45.1918108,5.72476370000004","Cour 2 avenue Félix Viallet","Histoire & Evolution de la ville","4ème période : 1830 / 1880","Patrimoine Urbain (Cour)",Array,Array
296,"45.1910421455167,5.71523288499908","""""Les Trois Pics"""", 1968 d’Alexander CALDER (1898-1976)","Art et culture","7ème période : 1968 / aube XXIe","Patrimoine Monumental (Artistique, culturel et scientifique)",Array,Array
297,"45.186572,5.736154","Diversité géologique du territoire grenoblois : massif de Belledonne","Patrimoine naturel et paysager, Tourisme","Hors période","Patrimoine Paysager",Array,Array
298,"45.3393754,5.81280830000003","Diversité géologique du territoire grenoblois : massif de Chartreuse","Patrimoine naturel et paysager, Tourisme","Hors période","Patrimoine Paysager",Array,Array
299,"45.1296009,5.5881435","Diversité géologique du territoire grenoblois : massif du Vercors","Patrimoine naturel et paysager","Hors période","Patrimoine Paysager",Array,Array
300,"45.186572,5.736154","Diversité géologique du territoire grenoblois : Cluse de l'Isère","Patrimoine naturel et paysager","Hors période","Patrimoine Paysager",Array,Array
301,"45.1992706555831,5.72370321744381","Diversité géologique du territoire grenoblois : promontoire de la Bastille","Patrimoine naturel et paysager, Tourisme","Hors période","Patrimoine Paysager",Array,Array
302,"45.188529,5.72452399999997","Diversité géologique du territoire grenoblois : situation de la ville","Patrimoine naturel et paysager","Hors période","Patrimoine Paysager",Array,Array
303,"45.1987141,5.72494166190188","Omniprésence du paysage : depuis la Bastille, la ville comme un livre ouvert…","Histoire & Evolution de la ville","Hors période","Patrimoine Paysager",Array,Array
304,"45.186572,5.736154","Omniprésence du paysage","Patrimoine naturel et paysager","Hors période","Patrimoine Paysager",Array,Array
306,"45.186572,5.736154","Omniprésence du paysage :  berges du Drac et de l’Isère","Patrimoine naturel et paysager","Hors période","Patrimoine Paysager",Array,Array
307,"45.186572,5.736154","Omniprésence du paysage : Grenoble dans le regard des peintres","Art et culture, Patrimoine naturel et paysager","Hors période","Patrimoine Monumental (Artistique, culturel et scientifique), Patrimoine Paysager",Array,Array
308,"45.1923673,5.72455909999996","Cour, 2 rue de Belgrade","Histoire & Evolution de la ville","3ème période : 1590 / 1830","Patrimoine Urbain (Cour)",Array,Array
309,"45.1906225,5.73191250000002","Cour,  6 rue Voltaire","Histoire & Evolution de la ville","3ème période : 1590 / 1830","Patrimoine Urbain (Cour)",Array,Array
310,"45.1935361,5.73139500000002","Cour 8, rue Chenoise","Histoire & Evolution de la ville","3ème période : 1590 / 1830","Patrimoine Urbain (Cour)",Array,Array
311,"45.1935655,5.73103379999998","Cour 14, rue Chenoise","Histoire & Evolution de la ville","3ème période : 1590 / 1830","Patrimoine Urbain (Cour)",Array,Array
313,"45.1951562,5.72914939999998","Passage 97, rue Saint-Laurent","Histoire & Evolution de la ville","3ème période : 1590 / 1830","Patrimoine Urbain (Passage)",Array,Array
314,"45.1929181,5.73095490000003","Cour 6, rue Brocherie","Histoire & Evolution de la ville","3ème période : 1590 / 1830","Patrimoine Urbain (Cour),  (Civil)",Array,Array
315,"45.1951562,5.72914939999998","Hôtel des Monnaies","Histoire & Evolution de la ville","2ème période : VIIIe début IXe / 1590","Patrimoine Monumental (Civil), Patrimoine Urbain",Array,Array
317,"45.1836791,5.7229433","Ville durable : l’ÉcoQuartier de Bonne, premier de France","Histoire & Evolution de la ville","8ème période : XXIe","Patrimoine Monumental, Patrimoine Urbain",Array,Array
322,"45.1850793,5.70457650000003","Ville durable : l’ÉcoQuartier Bouchayer-Viallet","Histoire & Evolution de la ville","8ème période : XXIe","Patrimoine Monumental, Patrimoine Urbain",Array,Array
323,"45.2060224,5.69946579999998","Ville durable : l’ÉcoCité, le projet Presqu’île et le campus GIANT","Histoire & Evolution de la ville","8ème période : XXIe","Patrimoine Monumental, Patrimoine Urbain",Array,Array
324,"45.188529,5.72452399999997","Ville durable : l'évolution des espaces publics","Histoire & Evolution de la ville","8ème période : XXIe","Patrimoine Monumental, Patrimoine Urbain",Array,Array
325,"45.1941002,5.72619699999996","Ville durable : réaménagement des quais de l’Isère","Histoire & Evolution de la ville","8ème période : XXIe","Patrimoine Monumental, Patrimoine Urbain",Array,Array
326,"45.196243550856,5.7339466482789","""""Monoforme 26"""", 1988 de Gottfried HONEGGER (1917-2016)","Art et culture","7ème période : 1968 / aube XXIe","Patrimoine Monumental (Artistique, culturel et scientifique)",Array,Array
327,"45.1954793041078,5.73436880354486","""""Torse de femme, Cécile"""",  1928 de Léon Ernest DRIVIER (1878-1951)","Art et culture","6ème période : 1925 / 1968","Patrimoine Monumental (Artistique, culturel et scientifique)",Array,Array
329,"45.194952507715,5.73130411414998","""""Jeune fille debout"""", 1928 de Marcel-Antoine GIMOND (1894-1961)","Art et culture","7ème période : 1968 / aube XXIe","Patrimoine Monumental (Artistique, culturel et scientifique)",Array,Array
330,"45.1960532098326,5.73321136225397","""""Femme nue debout, Rolande"""", 1936-1942 de Robert WLERICK (1882-1944)","Art et culture","7ème période : 1968 / aube XXIe","Patrimoine Monumental (Artistique, culturel et scientifique)",Array,Array
331,"45.1727459154802,5.72222243152385","""""Trois formes"""", 1967 de Miloslav CHLUPAC (1920-2008)","Art et culture","7ème période : 1968 / aube XXIe","Patrimoine Monumental (Artistique, culturel et scientifique)",Array,Array
332,"45.1726326977276,5.70559124494488","""""Place Mistral-Eaux-Claires"""", 2007-2010 de Jan KOPP (1970)","Art et culture","7ème période : 1968 / aube XXIe","Patrimoine Monumental (Artistique, culturel et scientifique)",Array,Array
333,"45.1994524258891,5.71681875242371","""""Colonne Olympique : Ouverture dans l'espace"""", 1967 de Morice LIPSZYC dit LIPSI (1898-1986)","Art et culture","7ème période : 1968 / aube XXIe","Patrimoine Monumental (Artistique, culturel et scientifique)",Array,Array
334,"45.1900499558301,5.74088654328307","""""L'envol : l'Oiseau"""", 1967 de Costas COULENTIANOS (1918-1995)","Art et culture","7ème période : 1968 / aube XXIe","Patrimoine Monumental (Artistique, culturel et scientifique)",Array,Array
335,"45.1881672,5.70490199999995","""""Les Racines du Mal"""", 2006 de Didier FAUSTINO (1968)","Art et culture","8ème période : XXIe","Patrimoine Monumental (Artistique, culturel et scientifique)",Array,Array
336,"45.1842217651349,5.72617326850889","""""L’enfant de Tchernobyl"""",  2017 de Jean-Marc ROCHETTE (1956)","Art et culture","8ème période : XXIe","Patrimoine Monumental (Artistique, culturel et scientifique)",Array,Array
337,"45.1864062631256,5.73671025823969","""""Atome fleur"""", 1968 d’Étienne HAJDU (1907-1996)","Art et culture","7ème période : 1968 / aube XXIe","Patrimoine Monumental (Artistique, culturel et scientifique)",Array,Array
338,"45.1843287,5.72226990000001","Église Saint-Vincent-de-Paul","Art et culture","7ème période : 1968 / aube XXIe","Patrimoine Monumental (Religieux)",Array,Array
339,"45.1603572,5.73343130000001","École Nationale Supérieure d’Architecture de Grenoble, 1976-1978","Histoire & Evolution de la ville","7ème période : 1968 / aube XXIe","Patrimoine Monumental (Civil)",Array,Array
340,"45.184463,5.72076800000002","Immeuble Le Turenne, 1933","Histoire & Evolution de la ville","6ème période : 1925 / 1968","Patrimoine Monumental (Civil)",Array,Array
341,"45.1858179,5.71986579999998","Immeuble Le Condorcet, 1964","Histoire & Evolution de la ville","6ème période : 1925 / 1968","Patrimoine Monumental (Civil)",Array,Array
342,"45.1881713,5.7370555","Rectorat, 1971","Histoire & Evolution de la ville","7ème période : 1968 / aube XXIe","Patrimoine Monumental (Civil)",Array,Array
344,"45.1898211,5.73042529999998","Dans les pas de Stendhal : l’école centrale","Art et culture","3ème période : 1590 / 1830","Patrimoine Immatériel, Patrimoine Monumental (Artistique, culturel et scientifique)",Array,Array
345,"45.1935718,5.73061529999995","Dans les pas de Stendhal :18, rue Chenoise","Art et culture","3ème période : 1590 / 1830","Patrimoine Immatériel, Patrimoine Monumental",Array,Array
346,"45.1920031,5.72681940000007","Dans les pas de Stendhal : la stèle de Stendhal","Art et culture","4ème période : 1830 / 1880","Patrimoine Immatériel, Patrimoine Monumental (Artistique, culturel et scientifique)",Array,Array
347,"45.1928424021429,5.72807466441805","Dans les pas de Stendhal : la collégiale Saint-André","Art et culture, Tourisme","2ème période : VIIIe début IXe / 1590","Patrimoine Immatériel, Patrimoine Monumental (Religieux)",Array,Array
348,"45.191624,5.72804120000001","Dans les pas de Stendhal : l’appartement Gagnon et la treille de Stendhal (actuel Musée Stendhal)","Art et culture","3ème période : 1590 / 1830","Patrimoine Immatériel, Patrimoine Monumental (Civil)",Array,Array
349,"45.1915139935057,5.72892345767218","Dans les pas de Stendhal : l’appartement natal","Art et culture","3ème période : 1590 / 1830","Patrimoine Immatériel, Patrimoine Monumental (Civil)",Array,Array
350,"45.1928509,5.72836840000002","Dans les pas de Stendhal : le café de la Table Ronde","Art et culture","3ème période : 1590 / 1830","Patrimoine Immatériel, Patrimoine Monumental (Civil)",Array,Array
351,"45.1930667733458,5.7285360632294","Dans les pas de Stendhal : la place Saint-André et l’ancien Palais du Parlement de Dauphiné","Art et culture","3ème période : 1590 / 1830","Patrimoine Immatériel, Patrimoine Monumental",Array,Array
352,"45.192711,5.73179249999998","Dans les pas de Stendhal : l’église Saint-Hugues","Art et culture","2ème période : VIIIe début IXe / 1590","Patrimoine Immatériel, Patrimoine Monumental (Religieux)",Array,Array
353,"45.192749530491,5.72718552761262","Dans les pas de Stendhal : l’hôtel de Lesdiguières au jardin de ville","Art et culture","3ème période : 1590 / 1830","Patrimoine Immatériel, Patrimoine Monumental (Civil)",Array,Array
356,"45.185253,5.7310655","Dans les pas de Stendhal : les collections de la bibliothèque municipale d'étude et du patrimoine","Art et culture, Tourisme","3ème période : 1590 / 1830","Patrimoine Immatériel, Patrimoine Monumental (Artistique, culturel et scientifique)",Array,Array
357,"45.1693752,5.71188310000002","Église Saint-Pierre-du-Rondeau","Art et culture","7ème période : 1968 / aube XXIe","Patrimoine Monumental (Religieux)",Array,Array
358,"45.186572,5.736154","Protection du patrimoine bâti et des espaces publics","Histoire & Evolution de la ville","8ème période : XXIe","Patrimoine Monumental, Patrimoine Paysager, Patrimoine Urbain",Array,Array
359,"45.1786204,5.74605070000007","La Cité de l’Abbaye, impulser un second souffle","Histoire & Evolution de la ville","8ème période : XXIe","Patrimoine Urbain",Array,Array
